{
  "type": "school",
  "name": "鑫茂东苑（黄泥泾）幼儿园",
  "latlng": [
    120.97914443233503,
    31.470614674090072
  ],
  "center": [
    120.97924287331966,
    31.470335022639446
  ],
  "zoom": 19.170301532397346,
  "pitch": 60,
  "bounds": [
    [
      120.9785541105233,
      31.47069559212582
    ],
    [
      120.97896522750005,
      31.47005723684606
    ],
    [
      120.97994558334722,
      31.470551737791098
    ],
    [
      120.97927092986333,
      31.471100181243827
    ],
    [
      120.9785541105233,
      31.47069559212582
    ]
  ]
}