{
  "type": "school",
  "name": "华城美地小学",
  "center": [120.96182046529776, 31.46173723685382],
  "latlng": [120.96182046529776, 31.46173723685382],
  "zoom": 18.5,
  "pitch": 60,
  "bounds": [
    [120.96309799770466, 31.461070908285848],
    [120.96177164241817, 31.460522571844862],
    [120.96033950417655, 31.462014872353734],
    [120.96203203118517, 31.46287553718652],
    [120.96234124285468, 31.462445205758982],
    [120.96309799770466, 31.461070908285848]
  ]
}
