{
  "type": "school",
  "name": "华城美地幼儿园",
  "center": [120.96513246758957, 31.46323380026294],
  "latlng": [120.96513246758957, 31.46323380026294],
  "zoom": 18.5,
  "pitch": 60,
  "bounds": [
    [120.96482133134316, 31.463256678841034],
    [120.96497153505351, 31.463027892820236],
    [120.96537923082695, 31.463270405982897],
    [120.96522366270375, 31.46341682871953],
    [120.96482133134316, 31.463256678841034]
  ]
}
