{
  "type": "school",
  "name": "周市中心小学",
  "center": [120.99837556097032, 31.467553401181732],
  "latlng": [120.99831083672996,31.467491916844807],
  "zoom": 18.5,
  "pitch": 60,
  "bounds": [
    [120.99869553445393, 31.469688069102986],
    [120.99702147956367, 31.468721075403778],
    [120.99676840607458, 31.46862457914378],
    [120.99721193578972, 31.468140827891517],
    [120.99697643154451, 31.467924954180532],
    [120.99756430594488, 31.467216609367014],
    [120.99808154161275, 31.4667772672896],
    [120.99863800220317, 31.467319996281518],
    [120.99952620491251, 31.467960354411474],
    [120.99964780783819, 31.46813395517013],
    [120.99962962524847, 31.468457883366582],
    [120.99951459407998, 31.46869793326198],
    [120.99922464126422, 31.469133332911255],
    [120.99869553445393, 31.469688069102986]
  ]
}
