{
  "type": "school",
  "name": "周市中学",
  "latlng": [120.98809234213684, 31.45770227250081],
  "center": [120.98809234213684, 31.45770227250081],
  "zoom": 17.2,
  "pitch": 60,
  "bounds": [
    [120.98595890799191, 31.45581794522556],
    [120.98810527457869, 31.45597906803276],
    [120.98952187654731, 31.45595709676323],
    [120.99068949997428, 31.458901201830756],
    [120.98919562881946, 31.458989084145955],
    [120.98780478327797, 31.45888655477873],
    [120.98643110864816, 31.458681495697334],
    [120.98595890799191, 31.45581794522556]
  ]
}
