{
  "type": "school",
  "name": "周市中心幼儿园",
  "latlng": [
    120.99403778734768,
    31.464282737121493
  ],
  "center": [
    120.99403667657145,
    31.464235259551387
  ],
  "zoom": 21.67644539447814,
  "pitch": 60,
  "bounds": [
    [
      120.99391246796341,
      31.464314540028255
    ],
    [
      120.99399739514814,
      31.464163476109547
    ],
    [
      120.99417035660645,
      31.464277436631548
    ],
    [
      120.9940678225629,
      31.46439316383976
    ],
    [
      120.99391246796341,
      31.464314540028255
    ]
  ]
}