{
  "type": "school",
  "name": "苏尚幼儿园",
  "latlng": [120.9783179954672, 31.449421873496732],
  "center": [120.9783179954672, 31.449421873496732],
  "zoom": 17.2,
  "pitch": 60,
  "bounds": [
    [120.97787879973635, 31.449531808994337],
    [120.97795243734129, 31.44903597642724],
    [120.97877034078505, 31.44914591238333],
    [120.97864147495972, 31.449610334271597],
    [120.97787879973635, 31.449531808994337]
  ]
}
