{
  "type": "school",
  "name": "鑫茂幼儿园",
  "latlng": [
    120.9751413515142,
    31.467773065183934
  ],
  "center": [
    120.97521359218103,
    31.467698236897974
  ],
  "zoom": 19.76218413892621,
  "pitch": 60,
  "bounds": [
    [
      120.97478872713538,
      31.467872140761457
    ],
    [
      120.97493392539673,
      31.467461684128907
    ],
    [
      120.97560806024717,
      31.467681066350337
    ],
    [
      120.97541307970505,
      31.46808798361222
    ],
    [
      120.97478872713538,
      31.467872140761457
    ]
  ]
}