{
  "type": "school",
  "name": "陆杨中心小学",
  "center": [120.97434217488654, 31.449699326515784],
  "latlng": [120.97434217488654, 31.449699326515784],
  "zoom": 18.5,
  "pitch": 60,
  "bounds": [
    [120.97311924211016, 31.450220966148734],
    [120.97350783757389, 31.448734041770393],
    [120.97555939303874, 31.449202059859743],
    [120.97521080003986, 31.45057684947109],
    [120.97506793406893, 31.450484222434596],
    [120.97311924211016, 31.450220966148734]
  ]
}
