{
  "type": "community",
  "name": "万科云岭公寓",
  "latlng": [120.97083178673955, 31.46309307334603],
  "center": [120.97104435426013,31.462434825674592],
  "zoom": 18.299000765105543,
  "pitch": 60,
  "bounds": [
    [120.97110537156237, 31.46450696123935],
    [120.96974817381084, 31.46395330550142],
    [120.97087470173199, 31.46156476958599],
    [120.97185102581523, 31.461962863116256],
    [120.97129312668284, 31.46328067779281],
    [120.97110537156237, 31.46450696123935]
  ]
}
