{
  "type": "community",
  "name": "万科鹿隐别院",
  "latlng": [120.96884459336923, 31.461602780834568],
  "center": [120.96884459336923, 31.461602780834568],
  "zoom": 17.2,
  "pitch": 60,
  "bounds": [
    [120.96663397422157, 31.46110604675593],
    [120.97044033822277, 31.46259207407455],
    [120.97096005329098, 31.461530628392865],
    [120.96976690458911, 31.460987413301496],
    [120.96934234860385, 31.461493165388646],
    [120.9669999708234, 31.460535080044977],
    [120.96663397422157, 31.46110604675593]
  ]
}
