{
  "type": "community",
  "name": "万科公园大道",
  "latlng": [120.97757111742663, 31.459369519887105],
  "center": [120.97771710462757,31.458553964564402],
  "zoom": 17.19173544143661,
  "pitch": 60,
  "bounds": [
    [120.97314253225233, 31.460278418821375],
    [120.97425800294963, 31.457807329235436],
    [120.97520698550193, 31.45669957825133],
    [120.97572309880275, 31.45684159834356],
    [120.97635575383754, 31.45691260829895],
    [120.97767101031826, 31.456784790334467],
    [120.97910280853301, 31.45682739634202],
    [120.98098412479521, 31.45721084956746],
    [120.98035146978361, 31.46266423654569],
    [120.97788744494403, 31.46203938540333],
    [120.97568980116438, 31.461371926160652],
    [120.97412481241975, 31.460747066384698],
    [120.97360869911893, 31.46054824648887],
    [120.97314253225233, 31.460278418821375]
  ]
}
