{
  "type": "community",
  "name": "东苑新村",
  "latlng": [120.99608409325185, 31.45598628804167],
  "center": [120.99608409325185, 31.45598628804167],
  "zoom": 17.2,
  "pitch": 60,
  "bounds": [
    [120.99574613491382, 31.4565354148407],
    [120.99561738888218, 31.45563850606827],
    [120.997124790344, 31.45547834288716],
    [120.99716234127499, 31.456411861588577],
    [120.99574613491382, 31.4565354148407]
  ]
}
