{
  "type": "community",
  "name": "东苑新村",
  "latlng": [120.86737196799692, 31.274904379077228],
  "center": [120.86737196799692, 31.274904379077228],
  "zoom": 17.2,
  "pitch": 60,
  "bounds": [
    [120.8679457142764, 31.278602536958047],
    [120.86471839142496, 31.277131463899025],
    [120.86426417562456, 31.272432049023408],
    [120.86923664343038, 31.270858714341742],
    [120.87016898114706, 31.27333108562904],
    [120.87136428590435, 31.274945243492013],
    [120.8683043057136, 31.277335780971754],
    [120.8679457142764, 31.278602536958047]
  ]
}
