{
  "type": "community",
  "name": "华城美地花园东岸",
  "latlng": [120.96360258517461, 31.462499196446487],
  "center": [120.963644273814,31.462235783060464],
  "zoom": 17.818182854602306,
  "pitch": 60,
  "bounds": [
    [120.9620704878447, 31.462855609780675],
    [120.962349050998, 31.462197614872863],
    [120.96319545441509, 31.461128363286676],
    [120.96500611488489, 31.461923448965692],
    [120.96394543212426, 31.46388828690965],
    [120.9620704878447, 31.462855609780675]
  ]
}
