{
  "type": "community",
  "name": "华城美地花园西岸",
  "latlng": [120.96536475372511,31.4632231995339],
  "center": [120.96540849410553,31.462648920856566],
  "zoom": 18.165670767910548,
  "pitch": 60,
  "bounds": [
    [120.96411141202697,31.46404178146649],
    [120.96493906441839,31.46191043275813],
    [120.96675151157842,31.462710224058426],
    [120.9658052771502,31.464493912152435],
    [120.96481958401813,31.46434886534972],
    [120.96411141202697,31.46404178146649]
  ]
}
