{
  "type": "community",
  "name": "华城美地花园溪谷园",
  "latlng": [120.96828537506138, 31.462720875602216],
  "center": [120.96828537506138, 31.462720875602216],
  "zoom": 17.2,
  "pitch": 60,
  "bounds": [
    [120.96590776213691, 31.46224792851241],
    [120.9664246345148, 31.461494414648868],
    [120.96873646367442, 31.462544522730326],
    [120.9691593592521, 31.461999429930486],
    [120.97037165991446, 31.462576586913542],
    [120.96968562931255, 31.463931288630604],
    [120.96590776213691, 31.46224792851241]
  ]
}
