{
  "type": "community",
  "name": "华城美地花园",
  "latlng": [120.96443126317052, 31.46284318320008],
  "center": [120.96345421156593,31.461922072365198],
  "zoom": 17.042462164670077,
  "pitch": 60,
  "bounds": [
    [120.960355072504, 31.461993462073323],
    [120.96179851158786, 31.460510766946598],
    [120.96683021827118, 31.462739136124497],
    [120.965508759947, 31.464577284021658],
    [120.96351640740221, 31.46365821458687],
    [120.960355072504, 31.461993462073323]
  ]
}
