{
  "type": "community",
  "name": "华城美地花园西岸",
  "latlng": [120.96437029414625, 31.459832242768485],
  "center": [120.96437029414625, 31.459832242768485],
  "zoom": 17.2,
  "pitch": 60,
  "bounds": [
    [120.96243397486205, 31.46018031755912],
    [120.9641086897172, 31.458536246037426],
    [120.96616127828969, 31.459574761403516],
    [120.96497399667277, 31.46085357855047],
    [120.96243397486205, 31.46018031755912]
  ]
}
