{
  "type": "community",
  "name": "华城美地花园南岸",
  "latlng": [120.9640516005552, 31.46000782082288],
  "center": [120.96430334752802,31.459723310407554],
  "zoom": 17.48558813797916,
  "pitch": 60,
  "bounds": [
    [120.96192772498432, 31.460472763005228],
    [120.9638824423194, 31.458452652618433],
    [120.96617547612607, 31.459518827419146],
    [120.96473763115716, 31.461779398500994],
    [120.96192772498432, 31.460472763005228]
  ]
}
