{
  "type": "community",
  "name": "华城美地花园翠堤公寓",
  "latlng": [120.96402785405905, 31.460998121040546],
  "center": [120.96395944344079,31.460855515148992],
  "zoom": 18.013020590143228,
  "pitch": 60,
  "bounds": [
    [120.96292390686011, 31.460834353569155],
    [120.96302950180569, 31.46036761469678],
    [120.96525659529118, 31.460973555935524],
    [120.9647958173216, 31.461653188067018],
    [120.96292390686011, 31.460834353569155]
  ]
}
