{
  "type": "community",
  "name": "合生颐廷",
  "latlng": [120.98874043453816, 31.46023507349709],
  "center": [120.98874043453816, 31.46023507349709],
  "zoom": 17.2,
  "pitch": 60,
  "bounds": [
    [120.9870843357321, 31.46227503366461],
    [120.98641148526548, 31.458731567215224],
    [120.98909313567464, 31.458981111495078],
    [120.99060461136025, 31.45892288455805],
    [120.99189180354796, 31.461825869284226],
    [120.9870843357321, 31.46227503366461]
  ]
}
