{
  "type": "community",
  "name": "天逸华庭",
  "latlng": [120.97113543556588, 31.451995912175605],
  "center": [120.97122433869697,31.451024132529085],
  "zoom": 18.053313931375786,
  "pitch": 60,
  "bounds": [
    [120.97042935851096, 31.44990042898783],
    [120.973323280312, 31.45100332067986],
    [120.97226913688053, 31.453590823376317],
    [120.96997189998712, 31.453209065191473],
    [120.969007259396, 31.452861239706877],
    [120.96895753564559, 31.45236070809058],
    [120.96947466256643, 31.451597180132325],
    [120.97042935851096, 31.44990042898783]
  ]
}
