{
  "type": "community",
  "name": "市北锦苑",
  "latlng": [120.98788821921522, 31.473039707515667],
  "center": [120.98788821921522, 31.473039707515667],
  "zoom": 17.2,
  "pitch": 60,
  "bounds": [
    [120.98651473790318, 31.47166248398689],
    [120.98975046188855, 31.472290415999524],
    [120.98970096707558, 31.472485654508873],
    [120.99033202605642, 31.47255952842964],
    [120.99008455194013, 31.47330881779142],
    [120.98941018498306, 31.473187454424334],
    [120.98918127144549, 31.473472394245036],
    [120.98572900759552, 31.473229667785006],
    [120.98511650917612, 31.473192731096375],
    [120.98566095222134, 31.47151473467099],
    [120.98651473790318, 31.47166248398689]
  ]
}
