{
  "type": "community",
  "name": "市北家园",
  "latlng": [120.98887758674118, 31.47129796371442],
  "center": [120.98887758674118, 31.47129796371442],
  "zoom": 17.2,
  "pitch": 60,
  "bounds": [
    [120.98660504268292, 31.47147173831185],
    [120.98679311530356, 31.470756586945228],
    [120.98669907900415, 31.470275360513398],
    [120.9884857688017, 31.47049592293193],
    [120.99024894954073, 31.47046250442078],
    [120.99102474905976, 31.470569443625763],
    [120.99090720368014, 31.470729852204215],
    [120.99049971302031, 31.47223366927807],
    [120.98876004136162, 31.472019794548558],
    [120.98660504268292, 31.47147173831185]
  ]
}
