{
  "type": "community",
  "name": "市北花园",
  "latlng": [120.98959451224619, 31.46930127354497],
  "center": [120.9897776490086,31.46857461334133],
  "zoom": 18.133628211610223,
  "pitch": 60,
  "bounds": [
    [120.9878993561407, 31.470033337789943],
    [120.98839824702429, 31.469168586292454],
    [120.98855381514272, 31.46897641820884],
    [120.98905270601131, 31.46868816534061],
    [120.98930483367008, 31.46829467586828],
    [120.98968570735269, 31.467827976909007],
    [120.99082296396654, 31.468482269891282],
    [120.99047427679744, 31.46975881437058],
    [120.99013631846611, 31.46987777461804],
    [120.990082674277, 31.470001310093963],
    [120.98876839186909, 31.47007451623375],
    [120.9878993561407, 31.470033337789943]
  ]
}
