{
  "type": "community",
  "name": "市北农民新村",
  "latlng": [120.99122723377758, 31.46682445995242],
  "center": [120.99137350448348,31.466794747567903],
  "zoom": 18.5870998928075,
  "pitch": 60,
  "bounds": [
    [120.99168376618655, 31.468000841220814],
    [120.99124388389595, 31.467817821725845],
    [120.9913189857607, 31.467589046852325],
    [120.99036948376363, 31.46719097723694],
    [120.99106630122532, 31.466096946190603],
    [120.99224110878652, 31.466700920277773],
    [120.99223574436758, 31.466732949096553],
    [120.99168376618655, 31.468000841220814]
  ]
}
