{
  "type": "community",
  "name": "惠腾",
  "latlng": [120.97831496027663, 31.44155183338154],
  "center": [120.97831496027663, 31.44155183338154],
  "zoom": 17.2,
  "pitch": 60,
  "bounds": [
    [120.97850670967671, 31.442042618155043],
    [120.97777305982805, 31.44185768506027],
    [120.97790645070967, 31.441075271789515],
    [120.97872346986458, 31.44100414298235],
    [120.9790069254932, 31.441644300276366],
    [120.97864843748056, 31.44179366967255],
    [120.97850670967671, 31.442042618155043]
  ]
}
