{
  "type": "community",
  "name": "桃园新村",
  "latlng": [121.10214404352075, 31.457973371042087],
  "center": [121.10214404352075, 31.457973371042087],
  "zoom": 17.2,
  "pitch": 60,
  "bounds": [
    [121.0990752932695, 31.457762419401277],
    [121.10075017894502, 31.45547068687725],
    [121.10493177268779, 31.457935016234245],
    [121.10303207015431, 31.460006153398353],
    [121.0990752932695, 31.457762419401277]
  ]
}
