{
  "type": "community",
  "name": "桃园新村",
  "latlng": [120.953784,31.37871],
  "center": [120.953784,31.37871],
  "zoom": 17.45504777683406,
  "pitch": 60,
  "bounds": [
    [120.6461364195331, 31.16478255516533],
    [120.64667190310786, 31.16571947497748],
    [120.65103569459683, 31.165165530809446],
    [120.65061210311234, 31.16360626316299],
    [120.64961306660757, 31.163818270354454],
    [120.64737522481789, 31.164591066762753],
    [120.6461364195331, 31.16478255516533]
  ]
}
