{
  "type": "community",
  "name": "海鹏新村",
  "latlng": [120.99847464518422, 31.457459768211947],
  "center": [120.99847464518422, 31.457459768211947],
  "zoom": 17.2,
  "pitch": 60,
  "bounds": [
    [120.99622072737657, 31.46058366889787],
    [120.99587236017214, 31.460053952704143],
    [120.99588750655397, 31.45899451131828],
    [120.99541796814708, 31.45522176906539],
    [120.99764788823018, 31.45504800148241],
    [121.00157080596017, 31.45462161956999],
    [121.00240385797451, 31.457683773810714],
    [121.0004739698922, 31.458687188817322],
    [120.99622072737657, 31.46058366889787]
  ]
}
