{
  "type": "community",
  "name": "爱心家园",
  "latlng": [120.98897814172756, 31.460646279595494],
  "center": [120.98859060809104,31.460101318328654],
  "zoom": 17.2,
  "pitch": 60,
  "bounds": [
    [120.98716976161091, 31.46229519372821],
    [120.98646303834391, 31.45866045200053],
    [120.99079691484951, 31.459121451447288],
    [120.99195053665386, 31.46179874951777],
    [120.98923796645715, 31.462082432242454],
    [120.98716976161091, 31.46229519372821]
  ]
}
