{
  "type": "community",
  "name": "琨城帝景园",
  "latlng": [120.98191675984367, 31.451460266007444],
  "center": [120.98196499806909,31.44963969186466],
  "zoom": 17.726897700021826,
  "pitch": 60,
  "bounds": [
    [120.98028343507679, 31.45282328964639],
    [120.98018980497244, 31.452690167819327],
    [120.9806891655337, 31.45237954947885],
    [120.98076198894489, 31.45025844243142],
    [120.98156304645562, 31.44853667173443],
    [120.98312354817489, 31.449370935736425],
    [120.98309233814973, 31.44993006596728],
    [120.9817607100108, 31.450347192686635],
    [120.98172949997121, 31.45075544258168],
    [120.98198958359097, 31.45104831640532],
    [120.98371653884038, 31.451101566095886],
    [120.9839246054932, 31.451300517302343],
    [120.98431993260357, 31.452542998790207],
    [120.98375815197761, 31.453164233350975],
    [120.98234329708089, 31.45272936959165],
    [120.98090763549101, 31.452773743538543],
    [120.98028343507679, 31.45282328964639]
  ]
}
