{
  "type": "community",
  "name": "知心花园",
  "latlng": [120.99679695694385, 31.454127789002882],
  "center": [120.99777809455031,31.451523333097654],
  "zoom": 17.006280946882992,
  "pitch": 60,
  "bounds": [
    [120.9954511921959, 31.455287881869054],
    [120.99484205657353, 31.450260709026665],
    [121.00039510688987, 31.449680633267604],
    [121.00162754408154, 31.454611162778008],
    [120.9954511921959, 31.455287881869054]
  ]
}
