{
  "type": "community",
  "name": "苏尚家园",
  "latlng": [120.97850501593012, 31.451569897260327],
  "center": [120.97879725451571,31.4501322292073],
  "zoom": 17.11281527159348,
  "pitch": 60,
  "bounds": [
    [120.97622259395888, 31.45317531007018],
    [120.97677701372868, 31.44899327901095],
    [120.97763296023658, 31.449034768333334],
    [120.97810956680894, 31.448984981143084],
    [120.97905305330096, 31.448553491077476],
    [120.98086221295353, 31.44879413001445],
    [120.98109565290662, 31.44946625618813],
    [120.98063849985783, 31.45251150835938],
    [120.98014243995266, 31.45332466517003],
    [120.97900304021198, 31.4535072096658],
    [120.97622259395888, 31.45317531007018]
  ]
}
