{
  "type": "community",
  "name": "金山嘉园",
  "latlng": [120.99634694977505, 31.455839853572144],
  "center": [120.99634694977505, 31.455839853572144],
  "zoom": 17.2,
  "pitch": 60,
  "bounds": [
    [120.99564421100735, 31.456521686591543],
    [120.9954618208061, 31.455263266064065],
    [120.99701750202468, 31.4550664933287],
    [120.99716234132205, 31.456343220712142],
    [120.99564421100735, 31.456521686591543]
  ]
}
