{
  "type": "community",
  "name": "金瑭珑沐湾",
  "latlng": [120.97110899652455, 31.45825273458476],
  "center": [120.97098045165444,31.45762171951995],
  "zoom": 17.477199981863873,
  "pitch": 60,
  "bounds": [
    [120.96939277267069, 31.45668198716909],
    [120.9718999416337, 31.456900798083282],
    [120.97206543133854, 31.45751487760782],
    [120.97225574450266, 31.45777603664763],
    [120.97266119426695, 31.458143069739094],
    [120.97359621106824, 31.458637150466203],
    [120.97290942867187, 31.46009114429843],
    [120.96894595033376, 31.458354818873758],
    [120.96916449254434, 31.45753278454808],
    [120.96939277267069, 31.45668198716909]
  ]
}
