{
  "type": "community",
  "name": "鑫茂东苑",
  "latlng": [120.98197994100843, 31.47139064367829],
  "center": [120.98206651768339,31.470438934578993],
  "zoom": 16.980619316859862,
  "pitch": 60,
  "bounds": [
    [120.97789225893888, 31.47164251167449],
    [120.97916674535634, 31.46965406171236],
    [120.97986615864482, 31.468593537797616],
    [120.98028580661787, 31.468779130353028],
    [120.98558580504698, 31.470078267919646],
    [120.98437348868754, 31.473153705391283],
    [120.98339431008361, 31.474704641999722],
    [120.97789225893888, 31.47164251167449]
  ]
}
