{
  "type": "community",
  "name": "鑫茂花园",
  "latlng": [120.97529358002339, 31.46839513127412],
  "center": [120.97603751790678,31.468986587713104],
  "zoom": 17.03128330388422,
  "pitch": 60,
  "bounds": [
    [120.97141084751274, 31.464772411917494],
    [120.9798872353901, 31.46859725311832],
    [120.97786383957396, 31.471629028400955],
    [120.97281446443071, 31.469141425140478],
    [120.9717936521256, 31.468410679120836],
    [120.97086398377832, 31.468115269536995],
    [120.97141084751274, 31.464772411917494]
  ]
}
