{
  "type": "factory",
  "name": "台光电子材料(昆山)有限公司",
  "center": [120.97973611045728, 31.440210018940533],
  "latlng": [120.97973611045728, 31.440210018940533],
  "zoom": 16.2,
  "pitch": 60,
  "bounds": [
    [120.97907092262051, 31.4408233135847],
    [120.97898509193283, 31.440136789461434],
    [120.9786685912735, 31.440127635769628],
    [120.97865249802123, 31.439587566538364],
    [120.980642697105, 31.439496029072558],
    [120.98078217197593, 31.440736354142388],
    [120.97907092262051, 31.4408233135847]
  ]
}
