{
  "type": "factory",
  "name": "好奇装饰材料(中国)有限公司",
  "center": [120.99210100001409, 31.435745134419193],
  "latlng": [120.99210100001409, 31.435745134419193],
  "zoom": 16.2,
  "pitch": 60,
  "bounds": []
}
