{
  "type": "factory",
  "name": "昆山康龙电子科技有限公司",
  "center": [121.003302324689,31.45141771973691],
  "latlng": [121.00305544446519, 31.4521139009306],
  "zoom": 16.84708021976456,
  "pitch": 60,
  "bounds": [
    [121.0016240774222, 31.454595816727874],
    [121.00042608545203, 31.449698283366644],
    [121.00545142842526, 31.4493930085809],
    [121.00517137834572, 31.454237469310073],
    [121.0016240774222, 31.454595816727874]
  ]
}
