{
  "type": "factory",
  "name": "昆山威创自动化科技有限公司",
  "center": [121.01101297650985, 31.451105926705637],
  "latlng": [121.01101297650985, 31.451105926705637],
  "zoom": 16.2,
  "pitch": 60,
  "bounds": [
    [121.00516890401582, 31.454178277327273],
    [121.00551330192042, 31.44937895298925],
    [121.009046841557, 31.44916360096596],
    [121.01102564322059, 31.449028127391088],
    [121.01673244848246, 31.44871180127251],
    [121.01642811498232, 31.4528380113113],
    [121.0162815132935, 31.453044682237945],
    [121.01580754342342, 31.45314764060916],
    [121.01437585682447, 31.45330046545351],
    [121.01420703165576, 31.453348360165023],
    [121.01131035908338, 31.453664529116892],
    [121.00960884012437, 31.45383251783103],
    [121.00647742630213, 31.45413048817487],
    [121.00591212837458, 31.454143418972464],
    [121.00516890401582, 31.454178277327273]
  ]
}
