{
  "type": "factory",
  "name": "昆山艾维兰特电子科技有限公司",
  "center": [121.01101297650985, 31.451105926705637],
  "latlng": [121.01101297650985, 31.451105926705637],
  "zoom": 16.2,
  "pitch": 60,
  "bounds": []
}
