{
  "type": "factory",
  "name": "昆山拓安塑料制品有限公司",
  "center": [120.95481436443953, 31.475731562228802],
  "latlng": [120.95481436443953, 31.475731562228802],
  "zoom": 16.2,
  "pitch": 60,
  "bounds": []
}
