{
  "type": "factory",
  "name": "昆山永得利机械有限公司",
  "center": [120.95873109328795, 31.476206712461007],
  "latlng": [120.95873109328795, 31.476206712461007],
  "zoom": 16.2,
  "pitch": 60,
  "bounds": []
}
