{
  "type": "factory",
  "name": "昆山名瑞电子科技有限公司",
  "center": [121.00411872884246, 31.474519986924093],
  "latlng": [121.00411872884246, 31.474519986924093],
  "zoom": 16.2,
  "pitch": 60,
  "bounds": []
}
