{
  "type": "factory",
  "name": "昆山钜全金属工业有限公司",
  "center": [120.99480863560234, 31.43965886520688],
  "latlng": [120.99480262022496,31.43950941193083],
  "zoom": 19.512707421601675,
  "pitch": 60,
  "bounds": [
    [120.99464770306616, 31.44028589397398],
    [120.99458333004361, 31.43929729196678],
    [120.99494274606036, 31.439274407536388],
    [120.99501248348236, 31.440244702430917],
    [120.99464770306616, 31.44028589397398]
  ]
}
