{
  "type": "factory",
  "name": "昆山通达五金塑胶有限公司",
  "center": [121.00008145765281, 31.472854561879018],
  "latlng": [121.00008145765281, 31.472854561879018],
  "zoom": 16.2,
  "pitch": 60,
  "bounds": [
    [120.99964157537477, 31.472817959906536],
    [120.99982933001604, 31.47246566518787],
    [121.00061789945795, 31.47288658859756],
    [121.00046769576119, 31.473183978993248],
    [120.99964157537477, 31.472817959906536]
  ]
}
