{
  "type": "factory",
  "name": "昆山建邦环境投资有限公司",
  "center": [120.9771240000128, 31.425623288775384],
  "latlng": [120.9771240000128, 31.425623288775384],
  "zoom": 16.2,
  "pitch": 60,
  "bounds": []
}
