{
  "type": "factory",
  "name": "昆山铝业有限公司",
  "center": [121.10844551827091, 31.296859170897577],
  "latlng": [121.10844551827091, 31.296859170897577],
  "zoom": 16.2,
  "pitch": 60,
  "bounds": [
    [121.10732917199374, 31.298252689513973],
    [121.10683409669537, 31.29568959472239],
    [121.10942596153018, 31.295332912576654],
    [121.11006664722049, 31.297854543438177],
    [121.10732917199374, 31.298252689513973]
  ]
}
