{
  "type": "factory",
  "name": "昆山誉球模塑有限公司",
  "center": [120.99182372883638, 31.425729133671524],
  "latlng": [120.99182372883638, 31.425729133671524],
  "zoom": 16.2,
  "pitch": 60,
  "bounds": []
}
