{
  "type": "factory",
  "name": "昆山名士电子科技有限公司",
  "center": [121.00094235432732,31.472986111550853],
  "latlng": [121.00101072883058, 31.473174411461827],
  "zoom": 19.952456317327336,
  "pitch": 60,
  "bounds": [
    [121.0005332956215, 31.473220163748124],
    [121.00075323675384, 31.472753489346502],
    [121.00136478042083, 31.47303257921901],
    [121.0011287460228, 31.473485526587027],
    [121.0005332956215, 31.473220163748124]
  ]
}
