{
  "type": "factory",
  "name": "昆山昆得精密电子科技有限公司",
  "center": [121.0005443644302, 31.436626134456674],
  "latlng": [121.0005443644302, 31.436626134456674],
  "zoom": 16.2,
  "pitch": 60,
  "bounds": []
}
