{
  "type": "factory",
  "name": "昆山三朋友电电子有限公司",
  "center": [120.97086898412147, 31.447228165015105],
  "latlng": [120.97086898412147, 31.447228165015105],
  "zoom": 16.2,
  "pitch": 60,
  "bounds": [
    [120.97068909941032, 31.447335041280922],
    [120.97077904176587, 31.44703359509208],
    [120.97114844789297, 31.447167875781986],
    [120.97101995879962, 31.44744739824411],
    [120.97068909941032, 31.447335041280922]
  ]
}
