{
  "type": "factory",
  "name": "昆山艾维兰特电子科技有限公司",
  "center": [120.987963,31.438305],
  "latlng": [120.987963,31.438305],
  "zoom": 16.2,
  "pitch": 60,
  "bounds": []
}
