{
  "type": "factory",
  "name": "昆山威创自动化科技有限公司",
  "center": [120.998844, 31.47335],
  "latlng": [120.998844, 31.47335],
  "zoom": 16.2,
  "pitch": 60,
  "bounds": []
}
