{
  "type": "factory",
  "name": "昆山市中迪新材料技术有限公司",
  "center": [120.88739203874661, 31.45614998867218],
  "latlng": [120.88739203874661, 31.45614998867218],
  "zoom": 16.2,
  "pitch": 60,
  "bounds": []
}
