{
  "type": "factory",
  "name": "昆山信创电子有限公司",
  "center": [121.00226161830585,31.445484144536124],
  "latlng": [121.0022244490662, 31.44557999103347],
  "zoom": 19.324392195639653,
  "pitch": 60,
  "bounds": [
    [121.00174165144432, 31.44586373846664],
    [121.00169873610042, 31.44547015308781],
    [121.0018703974759, 31.445451846751013],
    [121.00184893981077, 31.44525047681026],
    [121.00254631415197, 31.445186404462717],
    [121.00256240740424, 31.445392351130337],
    [121.00277698412356, 31.445378621368093],
    [121.00281989946745, 31.445804243107432],
    [121.00174165144432, 31.44586373846664]
  ]
}
