{
  "type": "factory",
  "name": "昆山胜方电子有限公司",
  "center": [120.95218, 31.476071],
  "latlng": [120.95218, 31.476071],
  "zoom": 16.2,
  "pitch": 60,
  "bounds": []
}
