{
  "type": "factory",
  "name": "昆山健博密封件科技有限公司",
  "center": [120.97350298026453, 31.44606248235418],
  "latlng": [120.97350298026453, 31.44606248235418],
  "zoom": 16.2,
  "pitch": 60,
  "bounds": [
    [120.97251916776338, 31.44645258875954],
    [120.97428587331171, 31.446943174805497],
    [120.97456993184039, 31.44563690987441],
    [120.9739394604594, 31.445524605707035],
    [120.972609235106, 31.44597973229891],
    [120.97251916776338, 31.44645258875954]
  ]
}
