{
  "type": "factory",
  "name": "昆山市同慈药店连锁有限公司",
  "center": [120.88848877890109,31.38323121828384],
  "latlng": [120.88823736442754, 31.383267130548518],
  "zoom": 18.893830923407805,
  "pitch": 60,
  "bounds": [
    [120.88771701587473, 31.38355106651815],
    [120.8877062870489, 31.383170958492798],
    [120.8893424345423, 31.38307478633861],
    [120.889331705703, 31.383312926733126],
    [120.88838756813789, 31.383358722889653],
    [120.8883929325508, 31.383537327702243],
    [120.88771701587473, 31.38355106651815]
  ]
}
