{
  "type": "factory",
  "name": "昆山多威体育用品有限公司",
  "center": [121.00721572882657, 31.442122711628315],
  "latlng": [121.00721572882657, 31.442122711628315],
  "zoom": 16.2,
  "pitch": 60,
  "bounds": []
}
