{
  "type": "factory",
  "name": "昆山市宝晶纸塑有限公司",
  "center": [120.9538, 31.469937],
  "latlng": [120.9538, 31.469937],
  "zoom": 16.2,
  "pitch": 60,
  "bounds": []
}
