{
  "type": "factory",
  "name": "昆山金洲制网有限公司",
  "center": [121.00167318670373, 31.446877591175493],
  "latlng": [121.00167767765095,31.446629235666407],
  "zoom": 19.536161187415058,
  "pitch": 60,
  "bounds": [
    [121.00145324555797, 31.44739931243639],
    [121.0013405927786, 31.446401632400324],
    [121.00191994992758, 31.44635129046746],
    [121.0020004162024, 31.447362700513082],
    [121.00145324555797, 31.44739931243639]
  ]
}
