{
  "type": "factory",
  "name": "昆山宏致电子有限公司",
  "center": [120.99261177800037, 31.44929050687614],
  "latlng": [120.99261177800037, 31.44929050687614],
  "zoom": 16.2,
  "pitch": 60,
  "bounds": [
    [120.99084826374792, 31.45060577231081],
    [120.99065818436185, 31.44934455924367],
    [120.99138682199958, 31.447804054539276],
    [120.99263289793805, 31.447759010158336],
    [120.99423801271104, 31.44840764711941],
    [120.99453369174563, 31.4503265051664],
    [120.99084826374792, 31.45060577231081]
  ]
}
