{
  "type": "factory",
  "name": "昆山三朋友电电子有限公司",
  "center": [120.97091981536585, 31.447156944247325],
  "latlng": [120.97086898412147, 31.447228165015105],
  "zoom": 20.892525730375826,
  "pitch": 60,
  "bounds": []
}
