{
  "type": "factory",
  "name": "欣宽电子科技(昆山)有限公司",
  "center": [121.005767, 31.438205],
  "latlng": [121.005767, 31.438205],
  "zoom": 16.2,
  "pitch": 60,
  "bounds": []
}
