{
  "type": "factory",
  "name": "欧南芭电子配件(昆山)有限公司",
  "center": [120.953398, 31.474258],
  "latlng": [120.953398, 31.474258],
  "zoom": 16.2,
  "pitch": 60,
  "bounds": []
}
