{
  "type": "factory",
  "name": "苏州普热斯勒先进成型技术有限公司",
  "center": [121.01093, 31.424261],
  "latlng": [121.01093, 31.424261],
  "zoom": 16.2,
  "pitch": 60,
  "bounds": []
}
