{
  "type": "factory",
  "name": "苏州市宝达利皮革有限公司",
  "center": [121.01378865166453,31.440330670588082],
  "latlng": [121.01369565869612, 31.440561673836726],
  "zoom": 18.229558461942293,
  "pitch": 60,
  "bounds": [
    [121.01254230881108, 31.441252771638787],
    [121.0126764192691, 31.439994146000643],
    [121.01397460842452, 31.4401131440534],
    [121.01400143051615, 31.43978818746892],
    [121.01491338157672, 31.439902608931945],
    [121.01468271160513, 31.441467880513642],
    [121.01254230881108, 31.441252771638787]
  ]
}
