{
  "type": "factory",
  "name": "裕腾建设集团有限公司",
  "center": [120.45719400001434, 31.2356271198002],
  "latlng": [120.45719400001434, 31.2356271198002],
  "zoom": 16.2,
  "pitch": 60,
  "bounds": []
}
