{
  "type": "factory",
  "name": "邦欣电子专用材料(昆山)有限公司",
  "center": [120.96901400003208, 31.443258134966285],
  "latlng": [120.96901400003208, 31.443258134966285],
  "zoom": 16.2,
  "pitch": 60,
  "bounds": [
    [120.96863312635014, 31.443390858935686],
    [120.96869213494625, 31.442924035868558],
    [120.9693305006914, 31.443020146690984],
    [120.96922857675139, 31.443505275999982],
    [120.96863312635014, 31.443390858935686]
  ]
}
