{
  "type": "factory",
  "name": "金箭印刷科技(昆山)有限公司",
  "center": [120.962998728841, 31.47960271253507],
  "latlng": [120.962998728841, 31.47960271253507],
  "zoom": 16.2,
  "pitch": 60,
  "bounds": []
}
