{
  "type": "factory",
  "name": "长兴化学工业(中国)有限公司",
  "center": [120.99078759901863,31.444212721920977],
  "latlng": [120.9908030756792, 31.444323760511665],
  "zoom": 18.88149694678314,
  "pitch": 60,
  "bounds": [
    [120.99016387280238, 31.444858538468296],
    [120.99007727112081, 31.4439684129496],
    [120.9914587741402, 31.443852309002324],
    [120.99156599524991, 31.444763545241102],
    [120.99016387280238, 31.444858538468296]
  ]
}
